{
  "A* Baseline": {
    "episode_rewards": [
      -4511.5499999996555,
      -840.2699999999614,
      -3433.8999999999673,
      -1205.1900000000148,
      -851.5599999999836,
      565.9200000000067,
      458.16999999999325,
      -4174.349999999953,
      -4074.15000000009,
      -4164.890000000004,
      -383.34999999998183,
      -2462.190000000011,
      -793.9499999999657,
      542.2600000000117,
      -1373.4800000000673,
      -4784.819999999855,
      -2025.8100000001684,
      -1097.3100000000345,
      506.8399999999898,
      -370.6699999999938,
      -7020.799999999909,
      -815.0399999999631,
      2034.999999999994,
      -2724.9900000000935,
      -5125.589999999474,
      -3970.800000000063,
      -6432.109999999529,
      -1547.0500000000661,
      -393.35999999999376,
      663.4699999999722,
      -980.2399999999623,
      -1759.53000000016,
      -3595.0800000000836,
      -366.1999999999963,
      -1112.289999999988,
      -525.3999999999832,
      -3293.7199999999743,
      -1901.310000000169,
      -972.7699999999638,
      1660.4199999999605,
      -3858.590000000077,
      -5697.079999999873,
      -307.7299999999987,
      -4804.279999999903,
      -2982.5200000000837,
      -778.6899999999642,
      -1174.0699999999856,
      -3949.200000000022,
      1078.1400000000046,
      -5598.519999999659
    ],
    "episode_lengths": [
      2500,
      2500,
      2500,
      2500,
      2500,
      2500,
      2500,
      2500,
      2500,
      2500,
      2500,
      2500,
      2500,
      2500,
      2500,
      2500,
      2500,
      2500,
      2500,
      2500,
      2500,
      2500,
      2500,
      2500,
      2500,
      2500,
      2500,
      2500,
      2500,
      2500,
      2500,
      2500,
      2500,
      2500,
      2500,
      2500,
      2500,
      2500,
      2500,
      2500,
      2500,
      2500,
      2500,
      2500,
      2500,
      2500,
      2500,
      2500,
      2500,
      2500
    ],
    "victory_rate": 0.0,
    "mean_reward": -2014.4835999999743,
    "std_reward": 2171.914464370724,
    "mean_length": 2500.0,
    "mean_base_hp": 48.68,
    "mean_soldiers_deployed": 6.0,
    "mean_wights_killed": 205.22,
    "mean_nk_kills": 2.0
  },
  "Q-Learning": {
    "episode_rewards": [
      -2691.830000000034,
      -2084.120000000076,
      -4614.089999999547,
      -165.88000000000153,
      -390.20999999998764,
      1399.850000000012,
      -251.29000000003262,
      -4159.089999999893,
      -702.039999999962,
      -3343.1800000000326,
      153.23999999997798,
      -451.1199999999877,
      352.63000000000284,
      -342.46999999998593,
      -1851.2100000001699,
      -432.0699999999894,
      -1029.8899999999935,
      -307.8599999999996,
      -415.4399999999764,
      -2229.720000000174,
      -116.64999999998614,
      233.7900000000117,
      -780.299999999966,
      -444.249999999979,
      -4791.709999999415,
      -4003.7900000000873,
      -6225.509999999938,
      -492.5399999999731,
      -1392.3400000000706,
      1673.9499999999298,
      750.700000000022,
      -2413.3900000000813,
      -3510.300000000073,
      1804.7399999999864,
      743.7499999999749,
      -1047.5499999999838,
      -4574.830000000002,
      -1298.7500000000716,
      -389.4299999999969,
      -1990.7800000000634,
      -2269.830000000163,
      -1773.6600000001688,
      -224.59000000000034,
      -3402.790000000072,
      -5081.249999999918,
      -701.8099999999731,
      -1036.0099999999773,
      -2122.9100000001654,
      633.5900000000208,
      1473.6599999999694
    ],
    "episode_lengths": [
      2500,
      2500,
      2500,
      2500,
      2500,
      2500,
      2500,
      2500,
      2500,
      2500,
      2500,
      2500,
      2500,
      2500,
      2500,
      2500,
      2500,
      2500,
      2500,
      2500,
      2500,
      2500,
      2500,
      2500,
      2500,
      2500,
      2500,
      2500,
      2500,
      2500,
      2500,
      2500,
      2500,
      2500,
      2500,
      2500,
      2500,
      2500,
      2500,
      2500,
      2500,
      2500,
      2500,
      2500,
      2500,
      2500,
      2500,
      2500,
      2500,
      2500
    ],
    "victory_rate": 0.0,
    "mean_reward": -1326.531600000001,
    "std_reward": 1869.725057247005,
    "mean_length": 2500.0,
    "mean_base_hp": 48.04,
    "mean_soldiers_deployed": 6.0,
    "mean_wights_killed": 204.82,
    "mean_nk_kills": 2.0
  },
  "PPO": {
    "episode_rewards": [
      -4618.929999999638,
      -3267.8100000000727,
      -3916.950000000016,
      -888.9699999999613,
      -785.8299999999623,
      -1388.2600000000614,
      887.3400000000241,
      -2167.5100000001653,
      -3219.8900000000754,
      -4786.209999999738,
      -738.5799999999601,
      -3933.2500000000655,
      -690.2699999999661,
      -686.1499999999776,
      -792.6899999999662,
      -2027.2500000000641,
      -3630.0800000000672,
      -459.28999999998945,
      -767.0399999999595,
      -618.1599999999844,
      -4996.979999999752,
      -173.69999999999004,
      1634.1600000000287,
      -484.66999999999615,
      -4502.5699999996505,
      -3138.619999999988,
      -748.0499999999677,
      -60.16000000000791,
      -1571.860000000171,
      0.3800000000025321,
      -173.79000000000087,
      -4640.069999999671,
      -2849.7000000000294,
      908.009999999975,
      -3877.250000000043,
      -299.18000000000245,
      -329.4899999999909,
      -1046.159999999978,
      -4942.139999999748,
      -4640.709999999764,
      -2572.040000000044,
      -5817.309999999647,
      -820.2899999999629,
      -3826.7100000001465,
      -4835.439999999664,
      -1039.629999999968,
      -3791.0200000000236,
      -1147.1399999999903,
      1636.269999999976,
      -23.629999999993473
    ],
    "episode_lengths": [
      2500,
      2500,
      2500,
      2500,
      2500,
      2500,
      2500,
      2500,
      2500,
      2500,
      2500,
      2500,
      2500,
      2500,
      2500,
      2500,
      2500,
      2500,
      2500,
      2500,
      2500,
      2500,
      2500,
      2500,
      2500,
      2500,
      2500,
      2500,
      2500,
      2500,
      2500,
      2500,
      2500,
      2500,
      2500,
      2500,
      2500,
      2500,
      2500,
      2500,
      2500,
      2500,
      2500,
      2500,
      2500,
      2500,
      2500,
      2500,
      2500,
      2500
    ],
    "victory_rate": 0.0,
    "mean_reward": -1933.3053999999572,
    "std_reward": 1954.917293267563,
    "mean_length": 2500.0,
    "mean_base_hp": 45.12,
    "mean_soldiers_deployed": 6.0,
    "mean_wights_killed": 201.66,
    "mean_nk_kills": 2.0
  }
}